branch_id,branch_name,address,city,state,postal_code,phone,hours,services
BR001,San Diego Branch 1,9824 Main Street,San Diego,CA,20898,+1-725-936-7013,"Mon-Fri 9AM-5PM, Sat 9AM-1PM","deposits,withdrawals,loans,investments"
BR002,Detroit Branch 2,9036 Main Street,Detroit,MI,56068,+1-254-159-1259,"Mon-Fri 9AM-5PM, Sat 9AM-1PM","deposits,withdrawals,loans,investments"
BR003,Portland Branch 3,2264 Main Street,Portland,OR,42485,+1-518-591-5824,"Mon-Fri 9AM-5PM, Sat 9AM-1PM","deposits,withdrawals,loans,investments"
BR004,Houston Branch 4,1658 Main Street,Houston,TX,23185,+1-745-437-4256,"Mon-Fri 9AM-5PM, Sat 9AM-1PM","deposits,withdrawals,loans,investments"
BR005,London Branch 5,7456 Main Street,London,LDN,48636,+1-492-574-4477,"Mon-Fri 9AM-5PM, Sat 9AM-1PM","deposits,withdrawals,loans,investments"
BR006,Chicago Branch 6,5508 Main Street,Chicago,IL,21539,+1-878-291-4656,"Mon-Fri 9AM-5PM, Sat 9AM-1PM","deposits,withdrawals,loans,investments"
BR007,Los Angeles Branch 7,5665 Main Street,Los Angeles,CA,40285,+1-766-877-4444,"Mon-Fri 9AM-5PM, Sat 9AM-1PM","deposits,withdrawals,loans,investments"
BR008,Seattle Branch 8,7425 Main Street,Seattle,WA,34797,+1-567-322-3101,"Mon-Fri 9AM-5PM, Sat 9AM-1PM","deposits,withdrawals,loans,investments"
BR009,Philadelphia Branch 9,2326 Main Street,Philadelphia,PA,81730,+1-282-563-4529,"Mon-Fri 9AM-5PM, Sat 9AM-1PM","deposits,withdrawals,loans,investments"
BR010,London Branch 10,5436 Main Street,London,LDN,82541,+1-980-839-6694,"Mon-Fri 9AM-5PM, Sat 9AM-1PM","deposits,withdrawals,loans,investments"
BR011,New York Branch 11,3319 Main Street,New York,NY,83078,+1-623-423-7906,"Mon-Fri 9AM-5PM, Sat 9AM-1PM","deposits,withdrawals,loans,investments"
BR012,Jacksonville Branch 12,8983 Main Street,Jacksonville,FL,35543,+1-627-737-8943,"Mon-Fri 9AM-5PM, Sat 9AM-1PM","deposits,withdrawals,loans,investments"
BR013,Denver Branch 13,1635 Main Street,Denver,CO,84915,+1-324-583-9637,"Mon-Fri 9AM-5PM, Sat 9AM-1PM","deposits,withdrawals,loans,investments"
BR014,Dallas Branch 14,6842 Main Street,Dallas,TX,18806,+1-422-335-3476,"Mon-Fri 9AM-5PM, Sat 9AM-1PM","deposits,withdrawals,loans,investments"
BR015,Jacksonville Branch 15,5399 Main Street,Jacksonville,FL,28198,+1-224-175-3770,"Mon-Fri 9AM-5PM, Sat 9AM-1PM","deposits,withdrawals,loans,investments"
BR016,Los Angelas Branch 16,2691 Main Street,Los Angelas,IST,97030,+1-582-411-3200,"Mon-Fri 9AM-5PM, Sat 9AM-1PM","deposits,withdrawals,loans,investments"
BR017,Fort Worth Branch 17,8573 Main Street,Fort Worth,TX,52484,+1-844-361-1129,"Mon-Fri 9AM-5PM, Sat 9AM-1PM","deposits,withdrawals,loans,investments"
BR018,New York Branch 18,1689 Main Street,New York,NY,41647,+1-388-537-1662,"Mon-Fri 9AM-5PM, Sat 9AM-1PM","deposits,withdrawals,loans,investments"
BR019,San Diego Branch 19,8317 Main Street,San Diego,CA,84777,+1-538-358-5835,"Mon-Fri 9AM-5PM, Sat 9AM-1PM","deposits,withdrawals,loans,investments"
BR020,Los Angelas Branch 20,7999 Main Street,Los Angelas,IST,75068,+1-415-597-2347,"Mon-Fri 9AM-5PM, Sat 9AM-1PM","deposits,withdrawals,loans,investments"
BR021,Istanbul Branch 21,5391 Main Street,Istanbul,LA,25095,+1-225-546-4557,"Mon-Fri 9AM-5PM, Sat 9AM-1PM","deposits,withdrawals,loans,investments"
BR022,Columbus Branch 22,8856 Main Street,Columbus,OH,55701,+1-867-729-2818,"Mon-Fri 9AM-5PM, Sat 9AM-1PM","deposits,withdrawals,loans,investments"
BR023,Boston Branch 23,9822 Main Street,Boston,MA,63823,+1-634-609-3949,"Mon-Fri 9AM-5PM, Sat 9AM-1PM","deposits,withdrawals,loans,investments"
BR024,Detroit Branch 24,8569 Main Street,Detroit,MI,30950,+1-574-290-4406,"Mon-Fri 9AM-5PM, Sat 9AM-1PM","deposits,withdrawals,loans,investments"
BR025,Portland Branch 25,6905 Main Street,Portland,OR,20815,+1-450-532-3861,"Mon-Fri 9AM-5PM, Sat 9AM-1PM","deposits,withdrawals,loans,investments"
BR026,New York Branch 26,7162 Main Street,New York,NY,45512,+1-894-780-8818,"Mon-Fri 9AM-5PM, Sat 9AM-1PM","deposits,withdrawals,loans,investments"
BR027,Jacksonville Branch 27,8075 Main Street,Jacksonville,FL,46230,+1-758-140-2524,"Mon-Fri 9AM-5PM, Sat 9AM-1PM","deposits,withdrawals,loans,investments"
BR028,Austin Branch 28,5538 Main Street,Austin,TX,34784,+1-542-303-3291,"Mon-Fri 9AM-5PM, Sat 9AM-1PM","deposits,withdrawals,loans,investments"
BR029,Dallas Branch 29,6159 Main Street,Dallas,TX,25348,+1-507-334-2560,"Mon-Fri 9AM-5PM, Sat 9AM-1PM","deposits,withdrawals,loans,investments"
BR030,Houston Branch 30,3858 Main Street,Houston,TX,19715,+1-379-389-3571,"Mon-Fri 9AM-5PM, Sat 9AM-1PM","deposits,withdrawals,loans,investments"
BR031,New York Branch 31,7678 Main Street,New York,NY,31801,+1-523-786-2717,"Mon-Fri 9AM-5PM, Sat 9AM-1PM","deposits,withdrawals,loans,investments"
BR032,New York Branch 32,4780 Main Street,New York,NY,11562,+1-293-614-7139,"Mon-Fri 9AM-5PM, Sat 9AM-1PM","deposits,withdrawals,loans,investments"
BR033,Dallas Branch 33,5149 Main Street,Dallas,TX,17545,+1-995-515-1301,"Mon-Fri 9AM-5PM, Sat 9AM-1PM","deposits,withdrawals,loans,investments"
BR034,Houston Branch 34,4653 Main Street,Houston,TX,49416,+1-958-251-4663,"Mon-Fri 9AM-5PM, Sat 9AM-1PM","deposits,withdrawals,loans,investments"
BR035,Chicago Branch 35,581 Main Street,Chicago,IL,79141,+1-729-866-9845,"Mon-Fri 9AM-5PM, Sat 9AM-1PM","deposits,withdrawals,loans,investments"
BR036,San Jose Branch 36,319 Main Street,San Jose,CA,73409,+1-201-962-5411,"Mon-Fri 9AM-5PM, Sat 9AM-1PM","deposits,withdrawals,loans,investments"
BR037,London Branch 37,9984 Main Street,London,LDN,57891,+1-650-630-9829,"Mon-Fri 9AM-5PM, Sat 9AM-1PM","deposits,withdrawals,loans,investments"
BR038,Los Angeles Branch 38,8224 Main Street,Los Angeles,CA,73242,+1-699-669-1370,"Mon-Fri 9AM-5PM, Sat 9AM-1PM","deposits,withdrawals,loans,investments"
BR039,Columbus Branch 39,2834 Main Street,Columbus,OH,32094,+1-445-558-7602,"Mon-Fri 9AM-5PM, Sat 9AM-1PM","deposits,withdrawals,loans,investments"
BR040,Houston Branch 40,2043 Main Street,Houston,TX,86121,+1-523-252-1176,"Mon-Fri 9AM-5PM, Sat 9AM-1PM","deposits,withdrawals,loans,investments"
BR041,Boston Branch 41,6625 Main Street,Boston,MA,22475,+1-740-135-9099,"Mon-Fri 9AM-5PM, Sat 9AM-1PM","deposits,withdrawals,loans,investments"
BR042,Phoenix Branch 42,2837 Main Street,Phoenix,AZ,67554,+1-334-912-2501,"Mon-Fri 9AM-5PM, Sat 9AM-1PM","deposits,withdrawals,loans,investments"
BR043,Houston Branch 43,2636 Main Street,Houston,TX,85278,+1-497-152-5898,"Mon-Fri 9AM-5PM, Sat 9AM-1PM","deposits,withdrawals,loans,investments"
BR044,Charlotte Branch 44,1224 Main Street,Charlotte,NC,43225,+1-293-209-4254,"Mon-Fri 9AM-5PM, Sat 9AM-1PM","deposits,withdrawals,loans,investments"
BR045,San Antonio Branch 45,9845 Main Street,San Antonio,TX,69937,+1-562-267-2417,"Mon-Fri 9AM-5PM, Sat 9AM-1PM","deposits,withdrawals,loans,investments"
BR046,San Jose Branch 46,5909 Main Street,San Jose,CA,36474,+1-450-931-3856,"Mon-Fri 9AM-5PM, Sat 9AM-1PM","deposits,withdrawals,loans,investments"
BR047,Dallas Branch 47,2159 Main Street,Dallas,TX,51106,+1-426-517-4345,"Mon-Fri 9AM-5PM, Sat 9AM-1PM","deposits,withdrawals,loans,investments"
BR048,Columbus Branch 48,5583 Main Street,Columbus,OH,18898,+1-570-744-2737,"Mon-Fri 9AM-5PM, Sat 9AM-1PM","deposits,withdrawals,loans,investments"
BR049,Denver Branch 49,836 Main Street,Denver,CO,63078,+1-509-865-9929,"Mon-Fri 9AM-5PM, Sat 9AM-1PM","deposits,withdrawals,loans,investments"
BR050,Seattle Branch 50,6561 Main Street,Seattle,WA,54454,+1-635-903-9943,"Mon-Fri 9AM-5PM, Sat 9AM-1PM","deposits,withdrawals,loans,investments"
